"Order create date","Order id","Order item id","Transaction date","Seller sku","Item status","Shipping amount","Paid price","Commissionamount Expected Commission (5%)","Transactionfee Expected Transaction Fee ( 2% )","Fblfee Expected Fbl Fee ( 2 MYR )","Expectedreceiveamount Paid Price - ( Commission + TransactionFee + FBL Fee )","Totalfeeses Sum of all feeses","Receivingdifference Expected Recieving - Total feeses","Shipping Fee Paid By Seller - Amount","Shipping Fee Paid By Seller - VAT In Amount","Commission - Amount","Commission - VAT In Amount","Item Price Credit - Amount","Item Price Credit - VAT In Amount","Payment Fee - Amount","Payment Fee - VAT In Amount","Shipping Fee (Paid By Customer) - Amount","Shipping Fee (Paid By Customer) - VAT In Amount","Promotional Charges Vouchers - Amount","Promotional Charges Vouchers - VAT In Amount","FBL Handling Fee - Amount","FBL Handling Fee - VAT In Amount","Reversal Commission - Amount","Reversal Commission - VAT In Amount","Payment Fee Credit - Amount","Payment Fee Credit - VAT In Amount","Reversal Item Price - Amount","Reversal Item Price - VAT In Amount","Promotional Charges Bundles - Amount","Promotional Charges Bundles - VAT In Amount","Lost Claim - Amount","Lost Claim - VAT In Amount","Payment Fee - Correction For Undercharge - Amount","Payment Fee - Correction For Undercharge - VAT In Amount","Commission Fee - Correction For Undercharge - Amount","Commission Fee - Correction For Undercharge - VAT In Amount","Other Debits (Returns) - Amount","Other Debits (Returns) - VAT In Amount","Reversal Shipping Fee (Paid By Customer) - Amount","Reversal Shipping Fee (Paid By Customer) - VAT In Amount","Reversal Promotional Charges Vouchers - Amount","Reversal Promotional Charges Vouchers - VAT In Amount","FBL Handling Fee Refund - Correction For Overcharge - Amount","FBL Handling Fee Refund - Correction For Overcha - VAT In Amount","Crossbroder Shipping Fee Refund - correction For Overc - Amount","Crossbroder Shipping Fee Refund - correction Fo - VAT In Amount","Shipping Fee (Charged By 3P) - Amount","Shipping Fee (Charged By 3P) - VAT In Amount","Shipping Fee - Correction For Undercharge - Amount","Shipping Fee - Correction For Undercharge - VAT In Amount","Commission Rebate - Amount","Commission Rebate - VAT In Amount","Adjustments Claim - Amount","Adjustments Claim - VAT In Amount","Shipping Fee Refund - Correction For Overcharge - Amount","Shipping Fee Refund - Correction For Overcharge - VAT In Amount","Promotional Charges Flexi-Combo - Amount","Promotional Charges Flexi-Combo - VAT In Amount","Shipping Fee Voucher (by Lazada) - Amount","Shipping Fee Voucher (by Lazada) - VAT In Amount","Damaged Claim - Amount","Damaged Claim - VAT In Amount","Reversal Promotional Charges Flexi-Combo - Amount","Reversal Promotional Charges Flexi-Combo - VAT In Amount","Seller Funded Marketing Voucher - Amount","Seller Funded Marketing Voucher - VAT In Amount","Reversal - Lost Claims - Amount","Reversal - Lost Claims - VAT In Amount","Reversal - Damaged Claims - Amount","Reversal - Damaged Claims - VAT In Amount"
"2019-09-06 00:51:08",230143559321043,230143559521043,2019-09-06,BHD029/03,Delivered,7.50,72.60,3.63,1.45,2.00,65.52,66.21,0.69,-8.50,0.00,-3.85,0.22,72.60,0.00,-1.54,0.09,7.50,0.00,0.00,0.00,0.00,0.00,0.00,0.00,0.00,0.00,0.00,0.00,0.00,0.00,0.00,0.00,0.00,0.00,0.00,0.00,0.00,0.00,0.00,0.00,0.00,0.00,0.00,0.00,0.00,0.00,0.00,0.00,0.00,0.00,0.00,0.00,0.00,0.00,0.00,0.00,0.00,0.00,0.00,0.00,0.00,0.00,0.00,0.00,0.00,0.00,0.00,0.00,0.00,0.00
"2019-09-06 07:29:42",230161919662774,230161919962774,2019-09-07,BHD029/03,Delivered,1.72,72.60,3.63,1.45,2.00,65.52,66.56,1.04,-2.37,0.00,-3.85,0.22,72.60,0.00,-1.54,0.09,1.72,0.00,0.00,0.00,0.00,0.00,0.00,0.00,0.00,0.00,0.00,0.00,0.00,0.00,0.00,0.00,0.00,0.00,0.00,0.00,0.00,0.00,0.00,0.00,0.00,0.00,0.00,0.00,0.00,0.00,0.00,0.00,0.00,0.00,0.00,0.00,0.00,0.00,0.00,0.00,0.00,0.00,0.00,0.00,0.00,0.00,0.00,0.00,0.00,0.00,0.00,0.00,0.00,0.00
"2019-09-06 05:36:10",229775006662869,229775007362869,2019-09-07,HR2051/90,Delivered,4.20,92.70,4.63,1.85,2.00,84.21,85.82,1.61,-4.20,0.00,-4.92,0.28,92.70,0.00,-1.96,0.11,4.20,0.00,0.00,0.00,0.00,0.00,0.00,0.00,0.00,0.00,0.00,0.00,0.00,0.00,0.00,0.00,0.00,0.00,0.00,0.00,0.00,0.00,0.00,0.00,0.00,0.00,0.00,0.00,0.00,0.00,0.00,0.00,0.00,0.00,0.00,0.00,0.00,0.00,0.00,0.00,0.00,0.00,0.00,0.00,0.00,0.00,0.00,0.00,0.00,0.00,0.00,0.00,0.00,0.00
"2019-09-06 10:17:41",229784866268217,229784866868217,2019-09-07,BHD029/03,Delivered,3.80,72.60,3.63,1.45,2.00,65.52,66.81,1.29,-4.20,0.00,-3.85,0.22,72.60,0.00,-1.54,0.09,3.80,0.00,0.00,0.00,0.00,0.00,0.00,0.00,0.00,0.00,0.00,0.00,0.00,0.00,0.00,0.00,0.00,0.00,0.00,0.00,0.00,0.00,0.00,0.00,0.00,0.00,0.00,0.00,0.00,0.00,0.00,0.00,0.00,0.00,0.00,0.00,0.00,0.00,0.00,0.00,0.00,0.00,0.00,0.00,0.00,0.00,0.00,0.00,0.00,0.00,0.00,0.00,0.00,0.00
"2019-09-06 15:15:40",230196711961034,230196712161034,2019-09-07,BHH811/00,Delivered,4.50,157.99,7.90,3.16,2.00,144.93,144.57,-0.36,-4.50,0.00,-8.37,0.47,157.99,0.00,-3.35,0.19,4.50,0.00,0.00,0.00,-1.70,0.10,0.00,0.00,0.00,0.00,0.00,0.00,0.00,0.00,0.00,0.00,0.00,0.00,0.00,0.00,0.00,0.00,0.00,0.00,0.00,0.00,0.00,0.00,0.00,0.00,0.00,0.00,0.00,0.00,0.00,0.00,0.00,0.00,0.00,0.00,0.00,0.00,0.00,0.00,0.00,0.00,0.00,0.00,0.00,0.00,0.00,0.00,0.00,0.00
"2019-09-06 10:36:30",230161992552922,230161992852922,2019-09-07,BHD029/03,Delivered,4.50,72.60,3.63,1.45,2.00,65.52,67.21,1.69,-4.50,0.00,-3.85,0.22,72.60,0.00,-1.54,0.09,4.50,0.00,0.00,0.00,0.00,0.00,0.00,0.00,0.00,0.00,0.00,0.00,0.00,0.00,0.00,0.00,0.00,0.00,0.00,0.00,0.00,0.00,0.00,0.00,0.00,0.00,0.00,0.00,0.00,0.00,0.00,0.00,0.00,0.00,0.00,0.00,0.00,0.00,0.00,0.00,0.00,0.00,0.00,0.00,0.00,0.00,0.00,0.00,0.00,0.00,0.00,0.00,0.00,0.00
"2019-09-06 09:06:34",229774857719736,229774858119736,2019-09-07,AC2882/30,Delivered,12.00,1088.50,54.42,21.77,2.00,1010.30,1007.72,-2.58,-12.00,0.00,-57.70,3.27,1088.50,0.00,-23.08,1.31,12.00,0.00,0.00,0.00,0.00,0.00,0.00,0.00,0.00,0.00,0.00,0.00,0.00,0.00,0.00,0.00,0.00,0.00,0.00,0.00,0.00,0.00,0.00,0.00,0.00,0.00,0.00,0.00,0.00,0.00,0.00,0.00,0.00,0.00,0.00,0.00,0.00,0.00,0.00,0.00,0.00,0.00,0.00,0.00,0.00,0.00,0.00,0.00,0.00,0.00,0.00,0.00,0.00,0.00
"2019-09-06 01:04:14",230147176441806,230147176841806,2019-09-07,HD9351/92,Delivered,4.50,157.00,7.85,3.14,2.00,144.01,143.65,-0.36,-4.50,0.00,-8.32,0.47,157.00,0.00,-3.33,0.19,4.50,0.00,0.00,0.00,-1.70,0.10,0.00,0.00,0.00,0.00,0.00,0.00,0.00,0.00,0.00,0.00,0.00,0.00,0.00,0.00,0.00,0.00,0.00,0.00,0.00,0.00,0.00,0.00,0.00,0.00,0.00,0.00,0.00,0.00,0.00,0.00,0.00,0.00,0.00,0.00,0.00,0.00,0.00,0.00,0.00,0.00,0.00,0.00,0.00,0.00,0.00,0.00,0.00,0.00
"2019-09-06 07:39:30",230157333174915,230157333374915,2019-09-07,AT600/15,Delivered,4.50,92.70,4.63,1.85,2.00,84.21,84.12,-0.09,-4.50,0.00,-4.92,0.28,92.70,0.00,-1.96,0.11,4.50,0.00,0.00,0.00,-1.70,0.10,0.00,0.00,0.00,0.00,0.00,0.00,0.00,0.00,0.00,0.00,0.00,0.00,0.00,0.00,0.00,0.00,0.00,0.00,0.00,0.00,0.00,0.00,0.00,0.00,0.00,0.00,0.00,0.00,0.00,0.00,0.00,0.00,0.00,0.00,0.00,0.00,0.00,0.00,0.00,0.00,0.00,0.00,0.00,0.00,0.00,0.00,0.00,0.00
"2019-09-06 07:23:58",230163913364217,230163913564217,2019-09-07,BHD029/03,Delivered,3.80,72.60,3.63,1.45,2.00,65.52,66.81,1.29,-4.20,0.00,-3.85,0.22,72.60,0.00,-1.54,0.09,3.80,0.00,0.00,0.00,0.00,0.00,0.00,0.00,0.00,0.00,0.00,0.00,0.00,0.00,0.00,0.00,0.00,0.00,0.00,0.00,0.00,0.00,0.00,0.00,0.00,0.00,0.00,0.00,0.00,0.00,0.00,0.00,0.00,0.00,0.00,0.00,0.00,0.00,0.00,0.00,0.00,0.00,0.00,0.00,0.00,0.00,0.00,0.00,0.00,0.00,0.00,0.00,0.00,0.00
"2019-09-06 10:21:39",230157799158092,230157799358092,2019-09-07,HP8108/03,Delivered,4.00,35.50,1.77,0.71,2.00,31.02,32.86,1.84,-4.00,0.00,-1.89,0.11,35.50,0.00,-0.75,0.04,4.00,0.00,0.00,0.00,0.00,0.00,0.00,0.00,0.00,0.00,0.00,0.00,0.00,0.00,0.00,0.00,0.00,0.00,0.00,0.00,0.00,0.00,0.00,0.00,0.00,0.00,0.00,0.00,0.00,0.00,0.00,0.00,0.00,0.00,0.00,0.00,0.00,0.00,0.00,0.00,0.00,0.00,0.00,0.00,0.00,0.00,0.00,0.00,0.00,0.00,0.00,0.00,0.00,0.00
"2019-09-06 16:49:43",230199548898786,230199549098786,2019-09-08,NT3160/10,Delivered,4.80,57.17,2.86,1.14,2.00,51.17,52.93,1.76,-4.80,0.00,-3.03,0.17,57.17,0.00,-1.21,0.07,4.80,0.00,0.00,0.00,0.00,0.00,0.00,0.00,0.00,0.00,0.00,0.00,0.00,0.00,0.00,0.00,0.00,0.00,0.00,0.00,0.00,0.00,0.00,0.00,0.00,0.00,0.00,0.00,0.00,0.00,0.00,0.00,0.00,0.00,0.00,0.00,0.00,0.00,0.00,0.00,0.00,0.00,0.00,0.00,0.00,0.00,0.00,0.00,0.00,0.00,0.00,0.00,0.00,0.00
"2019-09-06 22:14:56",229835014828149,229835015028149,2019-09-09,BHD029/03,Delivered,3.80,72.60,3.63,1.45,2.00,65.52,66.81,1.29,-4.20,0.00,-3.85,0.22,72.60,0.00,-1.54,0.09,3.80,0.00,0.00,0.00,0.00,0.00,0.00,0.00,0.00,0.00,0.00,0.00,0.00,0.00,0.00,0.00,0.00,0.00,0.00,0.00,0.00,0.00,0.00,0.00,0.00,0.00,0.00,0.00,0.00,0.00,0.00,0.00,0.00,0.00,0.00,0.00,0.00,0.00,0.00,0.00,0.00,0.00,0.00,0.00,0.00,0.00,0.00,0.00,0.00,0.00,0.00,0.00,0.00,0.00
"2019-09-07 09:44:54",229859009470732,229859009870732,2019-09-09,SCF693/23,Delivered,4.80,43.00,2.15,0.86,2.00,37.99,39.81,1.82,-4.80,0.00,-2.28,0.13,43.00,0.00,-0.91,0.05,4.80,0.00,0.00,0.00,0.00,0.00,0.00,0.00,0.00,0.00,0.00,0.00,0.00,0.00,0.00,0.00,0.00,0.00,0.00,0.00,0.00,0.00,0.00,0.00,0.00,0.00,0.00,0.00,0.00,0.00,0.00,0.00,0.00,0.00,0.00,0.00,0.00,0.00,0.00,0.00,0.00,0.00,0.00,0.00,0.00,0.00,0.00,0.00,0.00,0.00,0.00,0.00,0.00,0.00
"2019-09-06 12:15:48",230178538353290,230178538553290,2019-09-09,BHD029/03,Delivered,4.50,72.60,3.63,1.45,2.00,65.52,67.21,1.69,-4.50,0.00,-3.85,0.22,72.60,0.00,-1.54,0.09,4.50,0.00,0.00,0.00,0.00,0.00,0.00,0.00,0.00,0.00,0.00,0.00,0.00,0.00,0.00,0.00,0.00,0.00,0.00,0.00,0.00,0.00,0.00,0.00,0.00,0.00,0.00,0.00,0.00,0.00,0.00,0.00,0.00,0.00,0.00,0.00,0.00,0.00,0.00,0.00,0.00,0.00,0.00,0.00,0.00,0.00,0.00,0.00,0.00,0.00,0.00,0.00,0.00,0.00
"2019-09-06 20:36:55",229825045237193,229825045437193,2019-09-09,SCF658/23,Delivered,4.80,16.50,0.82,0.33,2.00,13.35,15.27,1.92,-4.80,0.00,-0.88,0.05,16.50,0.00,-0.35,0.02,4.80,0.00,0.00,0.00,0.00,0.00,0.00,0.00,0.00,0.00,0.00,0.00,0.00,0.00,0.00,0.00,0.00,0.00,0.00,0.00,0.00,0.00,0.00,0.00,0.00,0.00,0.00,0.00,0.00,0.00,0.00,0.00,0.00,0.00,0.00,0.00,0.00,0.00,0.00,0.00,0.00,0.00,0.00,0.00,0.00,0.00,0.00,0.00,0.00,0.00,0.00,0.00,0.00,0.00
"2019-09-06 15:21:36",229800877456409,229800877656409,2019-09-09,BHD029/03,Delivered,4.50,72.60,3.63,1.45,2.00,65.52,67.21,1.69,-4.50,0.00,-3.85,0.22,72.60,0.00,-1.54,0.09,4.50,0.00,0.00,0.00,0.00,0.00,0.00,0.00,0.00,0.00,0.00,0.00,0.00,0.00,0.00,0.00,0.00,0.00,0.00,0.00,0.00,0.00,0.00,0.00,0.00,0.00,0.00,0.00,0.00,0.00,0.00,0.00,0.00,0.00,0.00,0.00,0.00,0.00,0.00,0.00,0.00,0.00,0.00,0.00,0.00,0.00,0.00,0.00,0.00,0.00,0.00,0.00,0.00,0.00
"2019-09-06 17:14:52",229805874740480,229805874940480,2019-09-09,HX6013/63,Delivered,4.50,78.09,3.90,1.56,2.00,70.62,70.61,-0.01,-4.50,0.00,-4.13,0.23,78.09,0.00,-1.65,0.09,4.50,0.00,0.00,0.00,-1.70,0.10,0.00,0.00,0.00,0.00,0.00,0.00,0.00,0.00,0.00,0.00,0.00,0.00,0.00,0.00,0.00,0.00,0.00,0.00,0.00,0.00,0.00,0.00,0.00,0.00,0.00,0.00,0.00,0.00,0.00,0.00,0.00,0.00,0.00,0.00,0.00,0.00,0.00,0.00,0.00,0.00,0.00,0.00,0.00,0.00,0.00,0.00,0.00,0.00
"2019-09-07 12:09:27",230256726412224,230256727112224,2019-09-09,HX3215/08,Delivered,1.90,163.40,8.17,3.27,2.00,149.96,151.27,1.31,-1.90,0.00,-8.66,0.49,163.40,0.00,-3.47,0.20,1.90,0.00,0.00,0.00,0.00,0.00,0.00,0.00,0.00,0.00,0.00,0.00,0.00,0.00,0.00,0.00,0.00,0.00,0.00,0.00,0.00,0.00,0.00,0.00,0.00,0.00,0.00,0.00,0.00,0.00,0.00,0.00,0.00,0.00,0.00,0.00,0.00,0.00,0.00,0.00,0.00,0.00,0.00,0.00,0.00,0.00,0.00,0.00,0.00,0.00,0.00,0.00,0.00,0.00
"2019-09-07 12:09:27",230256726412224,230256727212224,2019-09-09,HX3215/08,Delivered,1.90,163.40,8.17,3.27,2.00,149.96,151.27,1.31,-1.90,0.00,-8.66,0.49,163.40,0.00,-3.47,0.20,1.90,0.00,0.00,0.00,0.00,0.00,0.00,0.00,0.00,0.00,0.00,0.00,0.00,0.00,0.00,0.00,0.00,0.00,0.00,0.00,0.00,0.00,0.00,0.00,0.00,0.00,0.00,0.00,0.00,0.00,0.00,0.00,0.00,0.00,0.00,0.00,0.00,0.00,0.00,0.00,0.00,0.00,0.00,0.00,0.00,0.00,0.00,0.00,0.00,0.00,0.00,0.00,0.00,0.00
"2019-09-07 14:35:57",230257189138110,230257189938110,2019-09-09,AT600/15,Delivered,4.50,92.70,4.63,1.85,2.00,84.21,84.12,-0.09,-4.50,0.00,-4.92,0.28,92.70,0.00,-1.96,0.11,4.50,0.00,0.00,0.00,-1.70,0.10,0.00,0.00,0.00,0.00,0.00,0.00,0.00,0.00,0.00,0.00,0.00,0.00,0.00,0.00,0.00,0.00,0.00,0.00,0.00,0.00,0.00,0.00,0.00,0.00,0.00,0.00,0.00,0.00,0.00,0.00,0.00,0.00,0.00,0.00,0.00,0.00,0.00,0.00,0.00,0.00,0.00,0.00,0.00,0.00,0.00,0.00,0.00,0.00
"2019-09-07 14:31:03",230267318968372,230267319268372,2019-09-09,BHD029/03,Delivered,3.80,72.60,3.63,1.45,2.00,65.52,64.27,-1.25,-4.20,0.00,-3.85,0.22,72.60,0.00,-1.54,0.09,3.80,0.00,0.00,0.00,-2.54,0.14,0.00,0.00,0.00,0.00,0.00,0.00,0.00,0.00,0.00,0.00,0.00,0.00,0.00,0.00,0.00,0.00,0.00,0.00,0.00,0.00,0.00,0.00,0.00,0.00,0.00,0.00,0.00,0.00,0.00,0.00,0.00,0.00,0.00,0.00,0.00,0.00,0.00,0.00,0.00,0.00,0.00,0.00,0.00,0.00,0.00,0.00,0.00,0.00
"2019-09-06 20:18:40",229828418815988,229828419315988,2019-09-09,S1030/05,Delivered,4.00,140.00,7.00,2.80,2.00,128.20,129.61,1.41,-4.00,0.00,-7.42,0.42,140.00,0.00,-2.97,0.17,4.00,0.00,0.00,0.00,0.00,0.00,0.00,0.00,0.00,0.00,0.00,0.00,0.00,0.00,0.00,0.00,0.00,0.00,0.00,0.00,0.00,0.00,0.00,0.00,0.00,0.00,0.00,0.00,0.00,0.00,0.00,0.00,0.00,0.00,0.00,0.00,0.00,0.00,0.00,0.00,0.00,0.00,0.00,0.00,0.00,0.00,0.00,0.00,0.00,0.00,0.00,0.00,0.00,0.00
"2019-09-06 14:02:16",230181993795144,230181993995144,2019-09-09,SCF922/01,Delivered,4.80,219.50,10.97,4.39,2.00,202.13,198.51,-3.62,-9.50,0.00,-11.64,0.66,219.50,0.00,-4.65,0.26,4.80,0.00,0.00,0.00,0.00,0.00,0.00,0.00,0.00,0.00,0.00,0.00,0.00,0.00,0.00,0.00,0.00,0.00,0.00,0.00,0.00,0.00,0.00,0.00,0.00,0.00,0.00,0.00,0.00,0.00,0.00,0.00,0.00,0.00,0.00,0.00,0.00,0.00,0.00,0.00,0.00,0.00,0.00,0.00,0.00,0.00,0.00,0.00,0.00,0.00,0.00,0.00,0.00,0.00
"2019-09-06 22:57:13",230222940415409,230222940715409,2019-09-09,HP8316/00,Delivered,3.80,134.10,6.70,2.68,2.00,122.71,122.05,-0.66,-4.20,0.00,-7.11,0.40,134.10,0.00,-2.84,0.16,3.80,0.00,0.00,0.00,-1.70,0.10,0.00,0.00,0.00,0.00,0.00,0.00,0.00,0.00,0.00,0.00,0.00,0.00,0.00,0.00,0.00,0.00,0.00,0.00,0.00,0.00,0.00,0.00,0.00,0.00,0.00,0.00,0.00,0.00,0.00,0.00,0.00,0.00,0.00,0.00,0.00,0.00,0.00,0.00,0.00,0.00,0.00,0.00,0.00,0.00,0.00,0.00,0.00,0.00
"2019-09-07 20:48:29",230284347218731,230284347418731,2019-09-09,BHH811/00,Delivered,7.50,157.99,7.90,3.16,2.00,144.93,146.27,1.34,-7.50,0.00,-8.37,0.47,157.99,0.00,-3.35,0.19,7.50,0.00,0.00,0.00,0.00,0.00,0.00,0.00,0.00,0.00,0.00,0.00,0.00,0.00,0.00,0.00,0.00,0.00,0.00,0.00,0.00,0.00,0.00,0.00,0.00,0.00,0.00,0.00,0.00,0.00,0.00,0.00,0.00,0.00,0.00,0.00,0.00,0.00,0.00,0.00,0.00,0.00,0.00,0.00,0.00,0.00,0.00,0.00,0.00,0.00,0.00,0.00,0.00,0.00
"2019-09-07 09:53:43",229859211446370,229859211746370,2019-09-09,HX6063/35,Delivered,4.00,98.70,4.93,1.97,2.00,89.79,91.37,1.58,-4.00,0.00,-5.24,0.30,98.70,0.00,-2.09,0.12,4.00,0.00,0.00,0.00,0.00,0.00,0.00,0.00,0.00,0.00,0.00,0.00,0.00,0.00,0.00,0.00,0.00,0.00,0.00,0.00,0.00,0.00,0.00,0.00,0.00,0.00,0.00,0.00,0.00,0.00,0.00,0.00,0.00,0.00,0.00,0.00,0.00,0.00,0.00,0.00,0.00,0.00,0.00,0.00,0.00,0.00,0.00,0.00,0.00,0.00,0.00,0.00,0.00,0.00
"2019-09-06 19:03:51",230207933457757,230207933657757,2019-09-09,S1030/05,Delivered,4.00,140.00,7.00,2.80,2.00,128.20,129.61,1.41,-4.00,0.00,-7.42,0.42,140.00,0.00,-2.97,0.17,4.00,0.00,0.00,0.00,0.00,0.00,0.00,0.00,0.00,0.00,0.00,0.00,0.00,0.00,0.00,0.00,0.00,0.00,0.00,0.00,0.00,0.00,0.00,0.00,0.00,0.00,0.00,0.00,0.00,0.00,0.00,0.00,0.00,0.00,0.00,0.00,0.00,0.00,0.00,0.00,0.00,0.00,0.00,0.00,0.00,0.00,0.00,0.00,0.00,0.00,0.00,0.00,0.00,0.00
"2019-09-07 08:34:26",229849666185138,229849666485138,2019-09-09,SCF172/70P,Delivered,4.00,20.80,1.04,0.42,2.00,17.34,18.75,1.41,-4.50,0.00,-1.10,0.06,20.80,0.00,-0.45,0.03,4.00,0.00,0.00,0.00,0.00,0.00,0.00,0.00,0.00,0.00,0.00,0.00,0.00,0.00,0.00,0.00,0.00,0.00,0.00,0.00,0.00,0.00,0.00,0.00,0.00,0.00,0.00,0.00,0.00,0.00,0.00,0.00,0.00,0.00,0.00,0.00,0.00,0.00,0.00,0.00,0.00,0.00,0.00,0.00,0.00,0.00,0.00,0.00,0.00,0.00,0.00,0.00,0.00,0.00
"2019-09-07 16:57:36",229891612663787,229891612863787,2019-09-09,MG1100/16,Delivered,7.50,77.10,3.86,1.54,2.00,69.70,69.68,-0.02,-7.50,0.00,-4.09,0.23,77.10,0.00,-1.63,0.09,7.50,0.00,0.00,0.00,-1.70,0.10,0.00,0.00,0.00,0.00,0.00,0.00,0.00,0.00,0.00,0.00,0.00,0.00,0.00,0.00,0.00,0.00,0.00,0.00,0.00,0.00,0.00,0.00,0.00,0.00,0.00,0.00,0.00,0.00,0.00,0.00,0.00,0.00,0.00,0.00,0.00,0.00,0.00,0.00,0.00,0.00,0.00,0.00,0.00,0.00,0.00,0.00,0.00,0.00
"2019-09-06 19:17:09",229818443647986,229818443947986,2019-09-09,BHD029/03,Delivered,3.80,72.60,3.63,1.45,2.00,65.52,66.81,1.29,-4.20,0.00,-3.85,0.22,72.60,0.00,-1.54,0.09,3.80,0.00,0.00,0.00,0.00,0.00,0.00,0.00,0.00,0.00,0.00,0.00,0.00,0.00,0.00,0.00,0.00,0.00,0.00,0.00,0.00,0.00,0.00,0.00,0.00,0.00,0.00,0.00,0.00,0.00,0.00,0.00,0.00,0.00,0.00,0.00,0.00,0.00,0.00,0.00,0.00,0.00,0.00,0.00,0.00,0.00,0.00,0.00,0.00,0.00,0.00,0.00,0.00,0.00
"2019-09-07 11:08:43",230250526774466,230250526974466,2019-09-09,HP8234/03,Delivered,4.50,159.10,7.96,3.18,2.00,145.96,144.75,-1.21,-4.50,0.00,-8.44,0.48,159.10,0.00,-3.37,0.19,4.50,0.00,0.00,0.00,-2.54,0.14,0.00,0.00,0.00,0.00,0.00,0.00,0.00,0.00,0.00,0.00,0.00,0.00,0.00,0.00,0.00,0.00,0.00,0.00,0.00,0.00,0.00,0.00,0.00,0.00,0.00,0.00,0.00,0.00,0.00,0.00,0.00,0.00,0.00,0.00,0.00,0.00,0.00,0.00,0.00,0.00,0.00,0.00,0.00,0.00,0.00,0.00,0.00,0.00
"2019-09-07 20:50:03",230282169517065,230282170517065,2019-09-10,SCD290/11,Delivered,4.00,99.99,5.00,2.00,2.00,90.99,92.57,1.58,-4.00,0.00,-5.30,0.30,99.99,0.00,-2.12,0.12,4.00,0.00,0.00,0.00,0.00,0.00,0.00,0.00,0.00,0.00,0.00,0.00,0.00,0.00,0.00,0.00,0.00,0.00,0.00,0.00,0.00,0.00,0.00,0.00,0.00,0.00,0.00,0.00,0.00,0.00,0.00,0.00,0.00,0.00,0.00,0.00,0.00,0.00,0.00,0.00,0.00,0.00,0.00,0.00,0.00,0.00,0.00,0.00,0.00,0.00,0.00,0.00,0.00,0.00
"2019-09-07 22:58:09",230289382158091,230289382358091,2019-09-10,6678560,Delivered,4.50,225.61,11.28,4.51,2.00,207.82,207.17,-0.65,-4.50,0.00,-11.96,0.68,225.61,0.00,-4.78,0.27,4.50,0.00,0.00,0.00,-1.70,0.10,0.00,0.00,0.00,0.00,0.00,0.00,0.00,0.00,0.00,0.00,0.00,0.00,0.00,0.00,0.00,0.00,0.00,0.00,0.00,0.00,0.00,0.00,0.00,0.00,0.00,0.00,0.00,0.00,0.00,0.00,0.00,0.00,0.00,0.00,0.00,0.00,0.00,0.00,0.00,0.00,0.00,0.00,0.00,0.00,0.00,0.00,0.00,0.00
"2019-09-07 16:27:17",229880461495572,229880461695572,2019-09-10,NT3160/10,Delivered,4.00,57.17,2.86,1.14,2.00,51.17,52.93,1.76,-4.00,0.00,-3.03,0.17,57.17,0.00,-1.21,0.07,4.00,0.00,0.00,0.00,0.00,0.00,0.00,0.00,0.00,0.00,0.00,0.00,0.00,0.00,0.00,0.00,0.00,0.00,0.00,0.00,0.00,0.00,0.00,0.00,0.00,0.00,0.00,0.00,0.00,0.00,0.00,0.00,0.00,0.00,0.00,0.00,0.00,0.00,0.00,0.00,0.00,0.00,0.00,0.00,0.00,0.00,0.00,0.00,0.00,0.00,0.00,0.00,0.00,0.00
"2019-09-06 02:19:20",230152962880372,230152963480372,2019-09-10,BHD029/03,Delivered,3.80,72.60,3.63,1.45,2.00,65.52,66.81,1.29,-4.20,0.00,-3.85,0.22,72.60,0.00,-1.54,0.09,3.80,0.00,0.00,0.00,0.00,0.00,0.00,0.00,0.00,0.00,0.00,0.00,0.00,0.00,0.00,0.00,0.00,0.00,0.00,0.00,0.00,0.00,0.00,0.00,0.00,0.00,0.00,0.00,0.00,0.00,0.00,0.00,0.00,0.00,0.00,0.00,0.00,0.00,0.00,0.00,0.00,0.00,0.00,0.00,0.00,0.00,0.00,0.00,0.00,0.00,0.00,0.00,0.00,0.00
"2019-09-06 19:43:33",229827206324026,229827206524026,2019-09-10,BHD029/03,Delivered,4.50,72.60,3.63,1.45,2.00,65.52,67.21,1.69,-4.50,0.00,-3.85,0.22,72.60,0.00,-1.54,0.09,4.50,0.00,0.00,0.00,0.00,0.00,0.00,0.00,0.00,0.00,0.00,0.00,0.00,0.00,0.00,0.00,0.00,0.00,0.00,0.00,0.00,0.00,0.00,0.00,0.00,0.00,0.00,0.00,0.00,0.00,0.00,0.00,0.00,0.00,0.00,0.00,0.00,0.00,0.00,0.00,0.00,0.00,0.00,0.00,0.00,0.00,0.00,0.00,0.00,0.00,0.00,0.00,0.00,0.00
"2019-09-07 18:53:40",229887472265751,229887472465751,2019-09-10,S1030/05,Delivered,4.00,140.00,7.00,2.80,2.00,128.20,129.61,1.41,-4.00,0.00,-7.42,0.42,140.00,0.00,-2.97,0.17,4.00,0.00,0.00,0.00,0.00,0.00,0.00,0.00,0.00,0.00,0.00,0.00,0.00,0.00,0.00,0.00,0.00,0.00,0.00,0.00,0.00,0.00,0.00,0.00,0.00,0.00,0.00,0.00,0.00,0.00,0.00,0.00,0.00,0.00,0.00,0.00,0.00,0.00,0.00,0.00,0.00,0.00,0.00,0.00,0.00,0.00,0.00,0.00,0.00,0.00,0.00,0.00,0.00,0.00
"2019-09-07 15:26:56",229886007836984,229886008036984,2019-09-10,HP8108/03,Delivered,4.00,35.50,1.77,0.71,2.00,31.02,32.86,1.84,-4.00,0.00,-1.89,0.11,35.50,0.00,-0.75,0.04,4.00,0.00,0.00,0.00,0.00,0.00,0.00,0.00,0.00,0.00,0.00,0.00,0.00,0.00,0.00,0.00,0.00,0.00,0.00,0.00,0.00,0.00,0.00,0.00,0.00,0.00,0.00,0.00,0.00,0.00,0.00,0.00,0.00,0.00,0.00,0.00,0.00,0.00,0.00,0.00,0.00,0.00,0.00,0.00,0.00,0.00,0.00,0.00,0.00,0.00,0.00,0.00,0.00,0.00
"2019-09-07 13:31:35",230257754841790,230257755341790,2019-09-10,BHD002/03,Delivered,3.80,70.60,3.53,1.41,2.00,63.66,63.27,-0.39,-4.20,0.00,-3.74,0.21,70.60,0.00,-1.49,0.08,3.80,0.00,0.00,0.00,-1.70,0.10,0.00,0.00,0.00,0.00,0.00,0.00,0.00,0.00,0.00,0.00,0.00,0.00,0.00,0.00,0.00,0.00,0.00,0.00,0.00,0.00,0.00,0.00,0.00,0.00,0.00,0.00,0.00,0.00,0.00,0.00,0.00,0.00,0.00,0.00,0.00,0.00,0.00,0.00,0.00,0.00,0.00,0.00,0.00,0.00,0.00,0.00,0.00,0.00
"2019-09-07 19:58:17",230286316421829,230286316621829,2019-09-10,BG1024/16,Delivered,4.00,81.60,4.08,1.63,2.00,73.89,75.55,1.66,-4.00,0.00,-4.32,0.24,81.60,0.00,-1.73,0.10,4.00,0.00,0.00,0.00,0.00,0.00,0.00,0.00,0.00,0.00,0.00,0.00,0.00,0.00,0.00,0.00,0.00,0.00,0.00,0.00,0.00,0.00,0.00,0.00,0.00,0.00,0.00,0.00,0.00,0.00,0.00,0.00,0.00,0.00,0.00,0.00,0.00,0.00,0.00,0.00,0.00,0.00,0.00,0.00,0.00,0.00,0.00,0.00,0.00,0.00,0.00,0.00,0.00,0.00
"2019-09-06 15:00:05",229800293942609,229800294142609,2019-09-10,BHD029/03,Delivered,4.50,72.60,3.63,1.45,2.00,65.52,67.21,1.69,-4.50,0.00,-3.85,0.22,72.60,0.00,-1.54,0.09,4.50,0.00,0.00,0.00,0.00,0.00,0.00,0.00,0.00,0.00,0.00,0.00,0.00,0.00,0.00,0.00,0.00,0.00,0.00,0.00,0.00,0.00,0.00,0.00,0.00,0.00,0.00,0.00,0.00,0.00,0.00,0.00,0.00,0.00,0.00,0.00,0.00,0.00,0.00,0.00,0.00,0.00,0.00,0.00,0.00,0.00,0.00,0.00,0.00,0.00,0.00,0.00,0.00,0.00
"2019-09-06 16:49:15",230188188186436,230188188486436,2019-09-10,HD4902WITHPOT,Delivered,4.50,179.99,9.00,3.60,2.00,165.39,167.91,2.52,-4.50,0.00,-5.72,0.32,179.99,0.00,-3.82,0.22,4.50,0.00,0.00,0.00,-2.54,0.14,0.00,0.00,0.00,0.00,0.00,0.00,0.00,0.00,0.00,0.00,0.00,0.00,0.00,0.00,0.00,0.00,0.00,0.00,0.00,0.00,0.00,0.00,0.00,0.00,0.00,0.00,0.00,0.00,0.00,0.00,0.00,0.00,0.00,0.00,0.00,0.00,0.00,0.00,0.00,0.00,0.00,0.00,0.00,0.00,0.00,0.00,0.00,0.00
"2019-09-06 00:33:50",230145364180719,230145364380719,2019-09-10,MG1100/16,Delivered,3.80,77.10,3.86,1.54,2.00,69.70,69.68,-0.02,-3.80,0.00,-4.09,0.23,77.10,0.00,-1.63,0.09,3.80,0.00,0.00,0.00,-1.70,0.10,0.00,0.00,0.00,0.00,0.00,0.00,0.00,0.00,0.00,0.00,0.00,0.00,0.00,0.00,0.00,0.00,0.00,0.00,0.00,0.00,0.00,0.00,0.00,0.00,0.00,0.00,0.00,0.00,0.00,0.00,0.00,0.00,0.00,0.00,0.00,0.00,0.00,0.00,0.00,0.00,0.00,0.00,0.00,0.00,0.00,0.00,0.00,0.00
"2019-09-07 22:35:05",230294937665613,230294938265613,2019-09-10,BHD029/03,Delivered,4.50,72.60,3.63,1.45,2.00,65.52,64.67,-0.85,-4.50,0.00,-3.85,0.22,72.60,0.00,-1.54,0.09,4.50,0.00,0.00,0.00,-2.54,0.14,0.00,0.00,0.00,0.00,0.00,0.00,0.00,0.00,0.00,0.00,0.00,0.00,0.00,0.00,0.00,0.00,0.00,0.00,0.00,0.00,0.00,0.00,0.00,0.00,0.00,0.00,0.00,0.00,0.00,0.00,0.00,0.00,0.00,0.00,0.00,0.00,0.00,0.00,0.00,0.00,0.00,0.00,0.00,0.00,0.00,0.00,0.00,0.00
"2019-09-07 18:51:14",230279335644398,230279336244398,2019-09-10,NT3160/10,Delivered,4.00,57.17,2.86,1.14,2.00,51.17,52.43,1.26,-4.50,0.00,-3.03,0.17,57.17,0.00,-1.21,0.07,4.00,0.00,0.00,0.00,0.00,0.00,0.00,0.00,0.00,0.00,0.00,0.00,0.00,0.00,0.00,0.00,0.00,0.00,0.00,0.00,0.00,0.00,0.00,0.00,0.00,0.00,0.00,0.00,0.00,0.00,0.00,0.00,0.00,0.00,0.00,0.00,0.00,0.00,0.00,0.00,0.00,0.00,0.00,0.00,0.00,0.00,0.00,0.00,0.00,0.00,0.00,0.00,0.00,0.00
"2019-09-06 16:39:56",230190772548475,230190772748475,2019-09-10,MG3730/15,Delivered,4.50,149.30,7.46,2.99,2.00,136.85,136.51,-0.34,-4.50,0.00,-7.92,0.45,149.30,0.00,-3.17,0.18,4.50,0.00,0.00,0.00,-1.70,0.10,0.00,0.00,0.00,0.00,0.00,0.00,0.00,0.00,0.00,0.00,0.00,0.00,0.00,0.00,0.00,0.00,0.00,0.00,0.00,0.00,0.00,0.00,0.00,0.00,0.00,0.00,0.00,0.00,0.00,0.00,0.00,0.00,0.00,0.00,0.00,0.00,0.00,0.00,0.00,0.00,0.00,0.00,0.00,0.00,0.00,0.00,0.00,0.00
"2019-09-06 18:08:56",229818413951325,229818414151325,2019-09-10,HP8108/03,Delivered,4.80,35.50,1.77,0.71,2.00,31.02,32.86,1.84,-4.80,0.00,-1.89,0.11,35.50,0.00,-0.75,0.04,4.80,0.00,0.00,0.00,0.00,0.00,0.00,0.00,0.00,0.00,0.00,0.00,0.00,0.00,0.00,0.00,0.00,0.00,0.00,0.00,0.00,0.00,0.00,0.00,0.00,0.00,0.00,0.00,0.00,0.00,0.00,0.00,0.00,0.00,0.00,0.00,0.00,0.00,0.00,0.00,0.00,0.00,0.00,0.00,0.00,0.00,0.00,0.00,0.00,0.00,0.00,0.00,0.00,0.00
"2019-09-07 19:11:34",230271597792219,230271598192219,2019-09-10,SCF194/03P,Delivered,4.00,30.88,1.54,0.62,2.00,26.72,28.09,1.37,-4.50,0.00,-1.63,0.09,30.88,0.00,-0.66,0.04,4.00,0.00,0.00,0.00,0.00,0.00,0.00,0.00,0.00,0.00,0.00,0.00,0.00,0.00,0.00,0.00,0.00,0.00,0.00,0.00,0.00,0.00,0.00,0.00,0.00,0.00,0.00,0.00,0.00,0.00,0.00,0.00,0.00,0.00,0.00,0.00,0.00,0.00,0.00,0.00,0.00,0.00,0.00,0.00,0.00,0.00,0.00,0.00,0.00,0.00,0.00,0.00,0.00,0.00
"2019-09-06 16:44:22",230188982758391,230188983358391,2019-09-10,HP8108/03,Delivered,4.00,35.50,1.77,0.71,2.00,31.02,32.86,1.84,-4.00,0.00,-1.89,0.11,35.50,0.00,-0.75,0.04,4.00,0.00,0.00,0.00,0.00,0.00,0.00,0.00,0.00,0.00,0.00,0.00,0.00,0.00,0.00,0.00,0.00,0.00,0.00,0.00,0.00,0.00,0.00,0.00,0.00,0.00,0.00,0.00,0.00,0.00,0.00,0.00,0.00,0.00,0.00,0.00,0.00,0.00,0.00,0.00,0.00,0.00,0.00,0.00,0.00,0.00,0.00,0.00,0.00,0.00,0.00,0.00,0.00,0.00
"2019-09-07 14:48:32",230261962452569,230261963152569,2019-09-10,BHD029/03,Delivered,4.50,72.60,3.63,1.45,2.00,65.52,64.67,-0.85,-4.50,0.00,-3.85,0.22,72.60,0.00,-1.54,0.09,4.50,0.00,0.00,0.00,-2.54,0.14,0.00,0.00,0.00,0.00,0.00,0.00,0.00,0.00,0.00,0.00,0.00,0.00,0.00,0.00,0.00,0.00,0.00,0.00,0.00,0.00,0.00,0.00,0.00,0.00,0.00,0.00,0.00,0.00,0.00,0.00,0.00,0.00,0.00,0.00,0.00,0.00,0.00,0.00,0.00,0.00,0.00,0.00,0.00,0.00,0.00,0.00,0.00,0.00
"2019-09-07 16:55:25",230265390455952,230265390655952,2019-09-10,BRT382/60,Delivered,3.80,119.00,5.95,2.38,2.00,108.67,108.47,-0.20,-3.80,0.00,-6.31,0.36,119.00,0.00,-2.52,0.14,3.80,0.00,0.00,0.00,-1.70,0.10,0.00,0.00,0.00,0.00,0.00,0.00,0.00,0.00,0.00,0.00,0.00,0.00,0.00,0.00,0.00,0.00,0.00,0.00,0.00,0.00,0.00,0.00,0.00,0.00,0.00,0.00,0.00,0.00,0.00,0.00,0.00,0.00,0.00,0.00,0.00,0.00,0.00,0.00,0.00,0.00,0.00,0.00,0.00,0.00,0.00,0.00,0.00,0.00
"2019-09-06 13:47:45",230179371107185,230179371307185,2019-09-10,6678560,Delivered,4.50,225.61,11.28,4.51,2.00,207.82,207.17,-0.65,-4.50,0.00,-11.96,0.68,225.61,0.00,-4.78,0.27,4.50,0.00,0.00,0.00,-1.70,0.10,0.00,0.00,0.00,0.00,0.00,0.00,0.00,0.00,0.00,0.00,0.00,0.00,0.00,0.00,0.00,0.00,0.00,0.00,0.00,0.00,0.00,0.00,0.00,0.00,0.00,0.00,0.00,0.00,0.00,0.00,0.00,0.00,0.00,0.00,0.00,0.00,0.00,0.00,0.00,0.00,0.00,0.00,0.00,0.00,0.00,0.00,0.00,0.00
"2019-09-06 12:05:14",229799203572918,229799203772918,2019-09-10,HD9623/11,Delivered,9.50,897.70,44.88,17.95,2.00,832.86,831.09,-1.77,-9.50,0.00,-47.58,2.69,897.70,0.00,-19.03,1.08,9.50,0.00,0.00,0.00,0.00,0.00,0.00,0.00,0.00,0.00,0.00,0.00,0.00,0.00,0.00,0.00,0.00,0.00,0.00,0.00,0.00,0.00,0.00,0.00,0.00,0.00,0.00,0.00,0.00,0.00,0.00,0.00,0.00,0.00,0.00,0.00,0.00,0.00,0.00,0.00,0.00,0.00,0.00,0.00,0.00,0.00,0.00,0.00,0.00,0.00,0.00,0.00,0.00,0.00
"2019-09-06 07:12:38",229777617878495,229777618078495,2019-09-10,BHD029/03,Delivered,3.80,72.60,3.63,1.45,2.00,65.52,66.81,1.29,-4.20,0.00,-3.85,0.22,72.60,0.00,-1.54,0.09,3.80,0.00,0.00,0.00,0.00,0.00,0.00,0.00,0.00,0.00,0.00,0.00,0.00,0.00,0.00,0.00,0.00,0.00,0.00,0.00,0.00,0.00,0.00,0.00,0.00,0.00,0.00,0.00,0.00,0.00,0.00,0.00,0.00,0.00,0.00,0.00,0.00,0.00,0.00,0.00,0.00,0.00,0.00,0.00,0.00,0.00,0.00,0.00,0.00,0.00,0.00,0.00,0.00,0.00
"2019-09-06 20:57:54",230214144094506,230214144294506,2019-09-10,BG1024/16,Delivered,4.00,81.60,4.08,1.63,2.00,73.89,75.55,1.66,-4.00,0.00,-4.32,0.24,81.60,0.00,-1.73,0.10,4.00,0.00,0.00,0.00,0.00,0.00,0.00,0.00,0.00,0.00,0.00,0.00,0.00,0.00,0.00,0.00,0.00,0.00,0.00,0.00,0.00,0.00,0.00,0.00,0.00,0.00,0.00,0.00,0.00,0.00,0.00,0.00,0.00,0.00,0.00,0.00,0.00,0.00,0.00,0.00,0.00,0.00,0.00,0.00,0.00,0.00,0.00,0.00,0.00,0.00,0.00,0.00,0.00,0.00
"2019-09-07 18:00:39",229883281533299,229883281733299,2019-09-10,BHD029/03,Delivered,3.80,72.60,3.63,1.45,2.00,65.52,64.27,-1.25,-4.20,0.00,-3.85,0.22,72.60,0.00,-1.54,0.09,3.80,0.00,0.00,0.00,-2.54,0.14,0.00,0.00,0.00,0.00,0.00,0.00,0.00,0.00,0.00,0.00,0.00,0.00,0.00,0.00,0.00,0.00,0.00,0.00,0.00,0.00,0.00,0.00,0.00,0.00,0.00,0.00,0.00,0.00,0.00,0.00,0.00,0.00,0.00,0.00,0.00,0.00,0.00,0.00,0.00,0.00,0.00,0.00,0.00,0.00,0.00,0.00,0.00,0.00
"2019-09-06 12:38:48",229791264598858,229791264998858,2019-09-11,HP8233/03,Delivered,7.50,157.60,7.88,3.15,2.00,144.57,144.91,0.34,-8.50,0.00,-8.35,0.47,157.60,0.00,-3.34,0.19,7.50,0.00,0.00,0.00,0.00,0.00,0.00,0.00,0.00,0.00,0.00,0.00,0.00,0.00,0.00,0.00,0.00,0.00,0.00,0.00,0.00,0.00,0.00,0.00,0.00,0.00,0.00,0.00,0.00,0.00,0.00,0.00,0.00,0.00,0.00,0.00,0.00,0.00,0.00,0.00,0.00,0.00,0.00,0.00,0.00,0.00,0.00,0.00,0.00,0.00,0.00,0.00,0.00,0.00
"2019-09-06 10:47:05",229787616193275,229787616493275,2019-09-12,HD2581/91,Delivered,4.50,95.80,4.79,1.92,2.00,87.09,84.68,-2.41,-8.50,0.00,-5.08,0.29,95.80,0.00,-2.04,0.12,4.50,0.00,0.00,0.00,0.00,0.00,0.00,0.00,0.00,0.00,0.00,0.00,0.00,0.00,0.00,0.00,0.00,0.00,0.00,0.00,0.00,0.00,0.00,0.00,0.00,0.00,0.00,0.00,0.00,0.00,0.00,0.00,0.00,0.00,0.00,0.00,0.00,0.00,0.00,0.00,0.00,0.00,0.00,0.00,0.00,0.00,0.00,0.00,0.00,0.00,0.00,0.00,0.00,0.00
"2019-09-06 16:04:18",229806047157368,229806049757368,2019-09-13,HX6063/35,Delivered,10.00,98.70,4.93,1.97,2.00,89.79,91.37,1.58,-10.00,0.00,-5.24,0.30,98.70,0.00,-2.09,0.12,10.00,0.00,0.00,0.00,0.00,0.00,0.00,0.00,0.00,0.00,0.00,0.00,0.00,0.00,0.00,0.00,0.00,0.00,0.00,0.00,0.00,0.00,0.00,0.00,0.00,0.00,0.00,0.00,0.00,0.00,0.00,0.00,0.00,0.00,0.00,0.00,0.00,0.00,0.00,0.00,0.00,0.00,0.00,0.00,0.00,0.00,0.00,0.00,0.00,0.00,0.00,0.00,0.00,0.00
"2019-09-06 10:24:27",229781066275665,229781066475665,2019-09-13,AT600/15,Delivered,9.50,92.70,4.63,1.85,2.00,84.21,84.12,-0.09,-9.50,0.00,-4.92,0.28,92.70,0.00,-1.96,0.11,9.50,0.00,0.00,0.00,-1.70,0.10,0.00,0.00,0.00,0.00,0.00,0.00,0.00,0.00,0.00,0.00,0.00,0.00,0.00,0.00,0.00,0.00,0.00,0.00,0.00,0.00,0.00,0.00,0.00,0.00,0.00,0.00,0.00,0.00,0.00,0.00,0.00,0.00,0.00,0.00,0.00,0.00,0.00,0.00,0.00,0.00,0.00,0.00,0.00,0.00,0.00,0.00,0.00,0.00
"2019-09-07 17:31:30",229888246533621,229888246933621,2019-10-18,BHD029/03,Delivered,9.50,72.60,3.63,1.45,2.00,65.52,-2.54,-68.06,0.00,0.00,0.00,0.00,0.00,0.00,0.00,0.00,0.00,0.00,0.00,0.00,-2.54,0.14,0.00,0.00,0.00,0.00,0.00,0.00,0.00,0.00,0.00,0.00,0.00,0.00,0.00,0.00,0.00,0.00,0.00,0.00,0.00,0.00,0.00,0.00,0.00,0.00,0.00,0.00,0.00,0.00,0.00,0.00,0.00,0.00,0.00,0.00,0.00,0.00,0.00,0.00,0.00,0.00,0.00,0.00,0.00,0.00,0.00,0.00,0.00,0.00
